Title,Description,Link,Media URL,Pinterest board,Publish date
Free 20 Addition Math Worksheet For Grade 5 | Printable Practice,Teachers and parents love this Addition worksheet for Grade 5. Download and print instantly.,https://freemathworksheet.github.io/html/free-20-addition-math-worksheet-for-grade-5-6916.html,https://freemathworksheet.github.io/images/free-20-addition-math-worksheet-for-grade-5-6916.jpg,Homeschool Math,03/17/2026 08:35:00 AM
Fun Count and Color Objects Worksheet for Preschool,Printable Count and Color worksheet designed for Preschool students. Easy and fun math practice.,https://freemathworksheet.github.io/html/fun-count-and-color-objects-worksheet-for-preschool-9209.html,https://freemathworksheet.github.io/images/fun-count-and-color-objects-worksheet-for-preschool-9209.jpg,Kids Math Worksheets,03/17/2026 11:00:00 AM
Free Counting Objects Worksheet For Pre-K Printable - Part 3 | Printable Practice,Teachers and parents love this Counting Objects worksheet for Pre-K. Download and print instantly.,https://freemathworksheet.github.io/html/free-counting-objects-worksheet-for-pre-k-printable-part-3-4777.html,https://freemathworksheet.github.io/images/free-counting-objects-worksheet-for-pre-k-printable-part-3-4777.jpg,Kids Math Worksheets,03/17/2026 01:24:00 PM
Printable Free 24 Division Math Worksheet For Grade 2 - Part 4 | Printable Practice,Teachers and parents love this Division worksheet for Grade 2. Download and print instantly.,https://freemathworksheet.github.io/html/printable-free-24-division-math-worksheet-for-grade-2-part-4-9013.html,https://freemathworksheet.github.io/images/printable-free-24-division-math-worksheet-for-grade-2-part-4-9013.jpg,Homeschool Math,03/17/2026 04:28:00 PM
General Knowledge Math Questions Worksheet (4 Questions),Printable Math worksheet designed for Math students. Easy and fun math practice.,https://freemathworksheet.github.io/html/general-knowledge-math-questions-worksheet-4-questions-6197.html,https://freemathworksheet.github.io/images/general-knowledge-math-questions-worksheet-4-questions-6197.jpg,Elementary Math Activities,03/17/2026 08:22:00 PM
Missing Number Math Worksheet,Free printable Missing Number worksheet for Grade 1. Perfect for homeschool practice and classroom activities.,https://freemathworksheet.github.io/html/missing-number-math-worksheet-7940.html,https://freemathworksheet.github.io/images/missing-number-math-worksheet-7940.jpg,Kids Math Worksheets,03/18/2026 08:29:00 AM
Mixed Operations Math Worksheet,Free printable Mixed Operations worksheet for Grade 3. Perfect for homeschool practice and classroom activities.,https://freemathworksheet.github.io/html/mixed-operations-math-worksheet-6367.html,https://freemathworksheet.github.io/images/mixed-operations-math-worksheet-6367.jpg,Homeschool Math,03/18/2026 11:03:00 AM
Free 17 Multiplication Math Worksheet For Grade 2 With Answers - Part 8 | Printable Practice,Help kids master Multiplication with this printable worksheet for Grade 2. Great for daily math practice.,https://freemathworksheet.github.io/html/free-17-multiplication-math-worksheet-for-grade-2-with-answers-part-8-5417.html,https://freemathworksheet.github.io/images/free-17-multiplication-math-worksheet-for-grade-2-with-answers-part-8-5417.jpg,Printable Worksheets,03/18/2026 01:35:00 PM
Printable Free 17 Subtraction Math Worksheet For Grade 2 - Part 9 | Printable Practice,Free printable Subtraction worksheet for Grade 2. Perfect for homeschool practice and classroom activities.,https://freemathworksheet.github.io/html/printable-free-17-subtraction-math-worksheet-for-grade-2-part-9-9197.html,https://freemathworksheet.github.io/images/printable-free-17-subtraction-math-worksheet-for-grade-2-part-9-9197.jpg,Elementary Math Activities,03/18/2026 04:32:00 PM
Grade 3 Multiplication Table 9 Practice - Part 10 | Printable Practice,Fun and engaging Times Table worksheet for Grade 3. Perfect printable math practice.,https://freemathworksheet.github.io/html/grade-3-multiplication-table-9-practice-part-10-4117.html,https://freemathworksheet.github.io/images/grade-3-multiplication-table-9-practice-part-10-4117.jpg,Math Practice Printables,03/18/2026 08:22:00 PM
Printable Tracing Worksheet For Kids - Part 11 | Free Printable,Printable Tracing worksheet designed for Preschool students. Easy and fun math practice.,https://freemathworksheet.github.io/html/printable-tracing-worksheet-for-kids-part-11-1441.html,https://freemathworksheet.github.io/images/printable-tracing-worksheet-for-kids-part-11-1441.jpg,Math Practice Printables,03/19/2026 08:24:00 AM
Math Word Problem Worksheet,Printable Word Problem worksheet designed for Grade 3 students. Easy and fun math practice.,https://freemathworksheet.github.io/html/math-word-problem-worksheet-2277.html,https://freemathworksheet.github.io/images/math-word-problem-worksheet-2277.jpg,Homeschool Math,03/19/2026 11:00:00 AM
Free 21 Addition Math Worksheet For Grade 5 With Answers - Part 13 | Printable Practice,Teachers and parents love this Addition worksheet for Grade 5. Download and print instantly.,https://freemathworksheet.github.io/html/free-21-addition-math-worksheet-for-grade-5-with-answers-part-13-9939.html,https://freemathworksheet.github.io/images/free-21-addition-math-worksheet-for-grade-5-with-answers-part-13-9939.jpg,Math Practice Printables,03/19/2026 01:36:00 PM
Preschool Count and Color Shapes Worksheet,Free printable Count and Color worksheet for Preschool. Perfect for homeschool practice and classroom activities.,https://freemathworksheet.github.io/html/preschool-count-and-color-shapes-worksheet-5121.html,https://freemathworksheet.github.io/images/preschool-count-and-color-shapes-worksheet-5121.jpg,Math Practice Printables,03/19/2026 04:25:00 PM
Learn Counting With Pictures Worksheet (Pre-K) - Part 15 | Printable Practice,Help kids master Counting Objects with this printable worksheet for Pre-K. Great for daily math practice.,https://freemathworksheet.github.io/html/learn-counting-with-pictures-worksheet-pre-k-part-15-6545.html,https://freemathworksheet.github.io/images/learn-counting-with-pictures-worksheet-pre-k-part-15-6545.jpg,Homeschool Math,03/19/2026 08:25:00 PM
Printable Free 21 Division Math Worksheet For Grade 2 - Part 16 | Printable Practice,Printable Division worksheet designed for Grade 2 students. Easy and fun math practice.,https://freemathworksheet.github.io/html/printable-free-21-division-math-worksheet-for-grade-2-part-16-4717.html,https://freemathworksheet.github.io/images/printable-free-21-division-math-worksheet-for-grade-2-part-16-4717.jpg,Homeschool Math,03/20/2026 08:30:00 AM
4 Math Questions Practice Worksheet for High School Students,Teachers and parents love this Math worksheet for Math. Download and print instantly.,https://freemathworksheet.github.io/html/4-math-questions-practice-worksheet-for-high-school-students-3432.html,https://freemathworksheet.github.io/images/4-math-questions-practice-worksheet-for-high-school-students-3432.jpg,Homeschool Math,03/20/2026 11:05:00 AM
Missing Number Math Worksheet,Printable Missing Number worksheet designed for Grade 1 students. Easy and fun math practice.,https://freemathworksheet.github.io/html/missing-number-math-worksheet-2882.html,https://freemathworksheet.github.io/images/missing-number-math-worksheet-2882.jpg,Kids Math Worksheets,03/20/2026 01:24:00 PM
Mixed Operations Math Worksheet,Fun and engaging Mixed Operations worksheet for Grade 3. Perfect printable math practice.,https://freemathworksheet.github.io/html/mixed-operations-math-worksheet-8530.html,https://freemathworksheet.github.io/images/mixed-operations-math-worksheet-8530.jpg,Math Practice Printables,03/20/2026 04:28:00 PM
Printable Free 19 Multiplication Math Worksheet For Grade 2 - Part 20 | Printable Practice,Teachers and parents love this Multiplication worksheet for Grade 2. Download and print instantly.,https://freemathworksheet.github.io/html/printable-free-19-multiplication-math-worksheet-for-grade-2-part-20-7632.html,https://freemathworksheet.github.io/images/printable-free-19-multiplication-math-worksheet-for-grade-2-part-20-7632.jpg,Printable Worksheets,03/20/2026 08:27:00 PM
Grade 2 Subtraction Practice Worksheet (15 Problems) - Part 21 | Printable Practice,Free printable Subtraction worksheet for Grade 2. Perfect for homeschool practice and classroom activities.,https://freemathworksheet.github.io/html/grade-2-subtraction-practice-worksheet-15-problems-part-21-6530.html,https://freemathworksheet.github.io/images/grade-2-subtraction-practice-worksheet-15-problems-part-21-6530.jpg,Homeschool Math,03/21/2026 08:34:00 AM
9 Times Table Worksheet For Grade 3 With Answers - Part 22 | Printable Practice,Help kids master Times Table with this printable worksheet for Grade 3. Great for daily math practice.,https://freemathworksheet.github.io/html/9-times-table-worksheet-for-grade-3-with-answers-part-22-6049.html,https://freemathworksheet.github.io/images/9-times-table-worksheet-for-grade-3-with-answers-part-22-6049.jpg,Homeschool Math,03/21/2026 11:08:00 AM
Printable Tracing Worksheet For Kids - Part 23 | Free Printable,Teachers and parents love this Tracing worksheet for Preschool. Download and print instantly.,https://freemathworksheet.github.io/html/printable-tracing-worksheet-for-kids-part-23-1344.html,https://freemathworksheet.github.io/images/printable-tracing-worksheet-for-kids-part-23-1344.jpg,Printable Worksheets,03/21/2026 01:31:00 PM
Math Word Problem Worksheet,Free printable Word Problem worksheet for Grade 3. Perfect for homeschool practice and classroom activities.,https://freemathworksheet.github.io/html/math-word-problem-worksheet-5694.html,https://freemathworksheet.github.io/images/math-word-problem-worksheet-5694.jpg,Printable Worksheets,03/21/2026 04:23:00 PM
Free 28 Addition Math Worksheet For Grade 1 - Part 25 | Printable Practice,Fun and engaging Addition worksheet for Grade 1. Perfect printable math practice.,https://freemathworksheet.github.io/html/free-28-addition-math-worksheet-for-grade-1-part-25-5393.html,https://freemathworksheet.github.io/images/free-28-addition-math-worksheet-for-grade-1-part-25-5393.jpg,Math Practice Printables,03/21/2026 08:22:00 PM
Fun Count and Color Objects Worksheet for Kindergarten,Printable Count and Color worksheet designed for Kindergarten students. Easy and fun math practice.,https://freemathworksheet.github.io/html/fun-count-and-color-objects-worksheet-for-kindergarten-6830.html,https://freemathworksheet.github.io/images/fun-count-and-color-objects-worksheet-for-kindergarten-6830.jpg,Math Practice Printables,03/22/2026 08:33:00 AM
Free Counting Objects Worksheet For Kindergarten Printable - Part 27 | Printable Practice,Teachers and parents love this Counting Objects worksheet for Kindergarten. Download and print instantly.,https://freemathworksheet.github.io/html/free-counting-objects-worksheet-for-kindergarten-printable-part-27-2685.html,https://freemathworksheet.github.io/images/free-counting-objects-worksheet-for-kindergarten-printable-part-27-2685.jpg,Printable Worksheets,03/22/2026 11:00:00 AM
Free 12 Division Math Worksheet For Grade 2 With Answers - Part 28 | Printable Practice,Help kids master Division with this printable worksheet for Grade 2. Great for daily math practice.,https://freemathworksheet.github.io/html/free-12-division-math-worksheet-for-grade-2-with-answers-part-28-1782.html,https://freemathworksheet.github.io/images/free-12-division-math-worksheet-for-grade-2-with-answers-part-28-1782.jpg,Kids Math Worksheets,03/22/2026 01:23:00 PM
Interactive Mathematics Practice Worksheet (8 Questions),Help kids master Math with this printable worksheet for Math. Great for daily math practice.,https://freemathworksheet.github.io/html/interactive-mathematics-practice-worksheet-8-questions-1007.html,https://freemathworksheet.github.io/images/interactive-mathematics-practice-worksheet-8-questions-1007.jpg,Elementary Math Activities,03/22/2026 04:29:00 PM
Missing Number Math Worksheet,Printable Missing Number worksheet designed for Grade 1 students. Easy and fun math practice.,https://freemathworksheet.github.io/html/missing-number-math-worksheet-6190.html,https://freemathworksheet.github.io/images/missing-number-math-worksheet-6190.jpg,Kids Math Worksheets,03/22/2026 08:23:00 PM
Mixed Operations Math Worksheet,Fun and engaging Mixed Operations worksheet for Grade 3. Perfect printable math practice.,https://freemathworksheet.github.io/html/mixed-operations-math-worksheet-2080.html,https://freemathworksheet.github.io/images/mixed-operations-math-worksheet-2080.jpg,Kids Math Worksheets,03/23/2026 08:38:00 AM
Grade 2 Multiplication Practice Worksheet (12 Problems) - Part 32 | Printable Practice,Printable Multiplication worksheet designed for Grade 2 students. Easy and fun math practice.,https://freemathworksheet.github.io/html/grade-2-multiplication-practice-worksheet-12-problems-part-32-7363.html,https://freemathworksheet.github.io/images/grade-2-multiplication-practice-worksheet-12-problems-part-32-7363.jpg,Kids Math Worksheets,03/23/2026 11:00:00 AM
Free 23 Subtraction Math Worksheet For Grade 5 With Answers - Part 33 | Printable Practice,Teachers and parents love this Subtraction worksheet for Grade 5. Download and print instantly.,https://freemathworksheet.github.io/html/free-23-subtraction-math-worksheet-for-grade-5-with-answers-part-33-1138.html,https://freemathworksheet.github.io/images/free-23-subtraction-math-worksheet-for-grade-5-with-answers-part-33-1138.jpg,Homeschool Math,03/23/2026 01:33:00 PM
11 Times Table Worksheet For Grade 4 With Answers - Part 34 | Printable Practice,Free printable Times Table worksheet for Grade 4. Perfect for homeschool practice and classroom activities.,https://freemathworksheet.github.io/html/11-times-table-worksheet-for-grade-4-with-answers-part-34-7655.html,https://freemathworksheet.github.io/images/11-times-table-worksheet-for-grade-4-with-answers-part-34-7655.jpg,Elementary Math Activities,03/23/2026 04:30:00 PM
Printable Tracing Worksheet For Kids - Part 35 | Free Printable,Help kids master Tracing with this printable worksheet for Preschool. Great for daily math practice.,https://freemathworksheet.github.io/html/printable-tracing-worksheet-for-kids-part-35-8263.html,https://freemathworksheet.github.io/images/printable-tracing-worksheet-for-kids-part-35-8263.jpg,Elementary Math Activities,03/23/2026 08:33:00 PM
Math Word Problem Worksheet,Printable Word Problem worksheet designed for Grade 3 students. Easy and fun math practice.,https://freemathworksheet.github.io/html/math-word-problem-worksheet-4737.html,https://freemathworksheet.github.io/images/math-word-problem-worksheet-4737.jpg,Elementary Math Activities,03/24/2026 08:23:00 AM
Free 13 Addition Math Worksheet For Grade 3 With Answers - Part 37 | Printable Practice,Fun and engaging Addition worksheet for Grade 3. Perfect printable math practice.,https://freemathworksheet.github.io/html/free-13-addition-math-worksheet-for-grade-3-with-answers-part-37-5929.html,https://freemathworksheet.github.io/images/free-13-addition-math-worksheet-for-grade-3-with-answers-part-37-5929.jpg,Kids Math Worksheets,03/24/2026 11:02:00 AM
5 Free Count and Color Worksheets for Kindergarten,Teachers and parents love this Count and Color worksheet for Kindergarten. Download and print instantly.,https://freemathworksheet.github.io/html/5-free-count-and-color-worksheets-for-kindergarten-4622.html,https://freemathworksheet.github.io/images/5-free-count-and-color-worksheets-for-kindergarten-4622.jpg,Homeschool Math,03/24/2026 01:34:00 PM
Free Counting Objects Worksheet For Pre-K - Part 39 | Printable Practice,Help kids master Counting Objects with this printable worksheet for Pre-K. Great for daily math practice.,https://freemathworksheet.github.io/html/free-counting-objects-worksheet-for-pre-k-part-39-3250.html,https://freemathworksheet.github.io/images/free-counting-objects-worksheet-for-pre-k-part-39-3250.jpg,Elementary Math Activities,03/24/2026 04:37:00 PM
Free 19 Division Math Worksheet For Grade 1 - Part 40 | Printable Practice,Printable Division worksheet designed for Grade 1 students. Easy and fun math practice.,https://freemathworksheet.github.io/html/free-19-division-math-worksheet-for-grade-1-part-40-8011.html,https://freemathworksheet.github.io/images/free-19-division-math-worksheet-for-grade-1-part-40-8011.jpg,Math Practice Printables,03/24/2026 08:28:00 PM
Practice Mathematics Quiz Worksheet (4 Questions),Printable Math worksheet designed for Math students. Easy and fun math practice.,https://freemathworksheet.github.io/html/practice-mathematics-quiz-worksheet-4-questions-8901.html,https://freemathworksheet.github.io/images/practice-mathematics-quiz-worksheet-4-questions-8901.jpg,Elementary Math Activities,03/25/2026 08:34:00 AM
Missing Number Math Worksheet,Fun and engaging Missing Number worksheet for Grade 1. Perfect printable math practice.,https://freemathworksheet.github.io/html/missing-number-math-worksheet-6680.html,https://freemathworksheet.github.io/images/missing-number-math-worksheet-6680.jpg,Math Practice Printables,03/25/2026 11:00:00 AM
Mixed Operations Math Worksheet,Teachers and parents love this Mixed Operations worksheet for Grade 3. Download and print instantly.,https://freemathworksheet.github.io/html/mixed-operations-math-worksheet-5562.html,https://freemathworksheet.github.io/images/mixed-operations-math-worksheet-5562.jpg,Homeschool Math,03/25/2026 01:31:00 PM
Free 17 Multiplication Math Worksheet For Grade 2 - Part 44 | Printable Practice,Fun and engaging Multiplication worksheet for Grade 2. Perfect printable math practice.,https://freemathworksheet.github.io/html/free-17-multiplication-math-worksheet-for-grade-2-part-44-4284.html,https://freemathworksheet.github.io/images/free-17-multiplication-math-worksheet-for-grade-2-part-44-4284.jpg,Math Practice Printables,03/25/2026 04:32:00 PM
Grade 2 Subtraction Practice Worksheet (17 Problems) - Part 45 | Printable Practice,Teachers and parents love this Subtraction worksheet for Grade 2. Download and print instantly.,https://freemathworksheet.github.io/html/grade-2-subtraction-practice-worksheet-17-problems-part-45-3365.html,https://freemathworksheet.github.io/images/grade-2-subtraction-practice-worksheet-17-problems-part-45-3365.jpg,Kids Math Worksheets,03/25/2026 08:31:00 PM
10 Times Table Worksheet For Grade 3 - Part 46 | Printable Practice,Help kids master Times Table with this printable worksheet for Grade 3. Great for daily math practice.,https://freemathworksheet.github.io/html/10-times-table-worksheet-for-grade-3-part-46-9403.html,https://freemathworksheet.github.io/images/10-times-table-worksheet-for-grade-3-part-46-9403.jpg,Elementary Math Activities,03/26/2026 08:24:00 AM
Printable Tracing Worksheet For Kids - Part 47 | Free Printable,Teachers and parents love this Tracing worksheet for Kindergarten. Download and print instantly.,https://freemathworksheet.github.io/html/printable-tracing-worksheet-for-kids-part-47-2087.html,https://freemathworksheet.github.io/images/printable-tracing-worksheet-for-kids-part-47-2087.jpg,Homeschool Math,03/26/2026 11:03:00 AM
Math Word Problem Worksheet,Printable Word Problem worksheet designed for Grade 3 students. Easy and fun math practice.,https://freemathworksheet.github.io/html/math-word-problem-worksheet-2132.html,https://freemathworksheet.github.io/images/math-word-problem-worksheet-2132.jpg,Kids Math Worksheets,03/26/2026 01:22:00 PM
Free 23 Addition Math Worksheet For Grade 1 With Answers - Part 49 | Printable Practice,Free printable Addition worksheet for Grade 1. Perfect for homeschool practice and classroom activities.,https://freemathworksheet.github.io/html/free-23-addition-math-worksheet-for-grade-1-with-answers-part-49-5846.html,https://freemathworksheet.github.io/images/free-23-addition-math-worksheet-for-grade-1-with-answers-part-49-5846.jpg,Kids Math Worksheets,03/26/2026 04:32:00 PM
Kindergarten Count and Color Shapes Worksheet,Printable Count and Color worksheet designed for Kindergarten students. Easy and fun math practice.,https://freemathworksheet.github.io/html/kindergarten-count-and-color-shapes-worksheet-1449.html,https://freemathworksheet.github.io/images/kindergarten-count-and-color-shapes-worksheet-1449.jpg,Math Practice Printables,03/26/2026 08:38:00 PM
Free Counting Objects Worksheet For Kindergarten Printable - Part 51 | Printable Practice,Teachers and parents love this Counting Objects worksheet for Kindergarten. Download and print instantly.,https://freemathworksheet.github.io/html/free-counting-objects-worksheet-for-kindergarten-printable-part-51-9335.html,https://freemathworksheet.github.io/images/free-counting-objects-worksheet-for-kindergarten-printable-part-51-9335.jpg,Printable Worksheets,03/27/2026 08:36:00 AM
Grade 1 Division Practice Worksheet (26 Problems) - Part 52 | Printable Practice,Teachers and parents love this Division worksheet for Grade 1. Download and print instantly.,https://freemathworksheet.github.io/html/grade-1-division-practice-worksheet-26-problems-part-52-9210.html,https://freemathworksheet.github.io/images/grade-1-division-practice-worksheet-26-problems-part-52-9210.jpg,Kids Math Worksheets,03/27/2026 11:05:00 AM
7 Math Trivia,Teachers and parents love this Math worksheet for Math. Download and print instantly.,https://freemathworksheet.github.io/html/7-math-trivia-8580.html,https://freemathworksheet.github.io/images/7-math-trivia-8580.jpg,Kids Math Worksheets,03/27/2026 01:35:00 PM
Missing Number Math Worksheet,Printable Missing Number worksheet designed for Grade 1 students. Easy and fun math practice.,https://freemathworksheet.github.io/html/missing-number-math-worksheet-8838.html,https://freemathworksheet.github.io/images/missing-number-math-worksheet-8838.jpg,Kids Math Worksheets,03/27/2026 04:28:00 PM
Mixed Operations Math Worksheet,Printable Mixed Operations worksheet designed for Grade 3 students. Easy and fun math practice.,https://freemathworksheet.github.io/html/mixed-operations-math-worksheet-3935.html,https://freemathworksheet.github.io/images/mixed-operations-math-worksheet-3935.jpg,Elementary Math Activities,03/27/2026 08:29:00 PM
Grade 1 Multiplication Practice Worksheet (19 Problems) - Part 56 | Printable Practice,Teachers and parents love this Multiplication worksheet for Grade 1. Download and print instantly.,https://freemathworksheet.github.io/html/grade-1-multiplication-practice-worksheet-19-problems-part-56-1882.html,https://freemathworksheet.github.io/images/grade-1-multiplication-practice-worksheet-19-problems-part-56-1882.jpg,Kids Math Worksheets,03/28/2026 08:34:00 AM
Free 25 Subtraction Math Worksheet For Grade 3 With Answers - Part 57 | Printable Practice,Teachers and parents love this Subtraction worksheet for Grade 3. Download and print instantly.,https://freemathworksheet.github.io/html/free-25-subtraction-math-worksheet-for-grade-3-with-answers-part-57-6282.html,https://freemathworksheet.github.io/images/free-25-subtraction-math-worksheet-for-grade-3-with-answers-part-57-6282.jpg,Printable Worksheets,03/28/2026 11:00:00 AM
Grade 2 Multiplication Table 5 Practice - Part 58 | Printable Practice,Teachers and parents love this Times Table worksheet for Grade 2. Download and print instantly.,https://freemathworksheet.github.io/html/grade-2-multiplication-table-5-practice-part-58-5072.html,https://freemathworksheet.github.io/images/grade-2-multiplication-table-5-practice-part-58-5072.jpg,Math Practice Printables,03/28/2026 01:22:00 PM
Printable Tracing Worksheet For Kids - Part 59 | Free Printable,Free printable Tracing worksheet for Preschool. Perfect for homeschool practice and classroom activities.,https://freemathworksheet.github.io/html/printable-tracing-worksheet-for-kids-part-59-5207.html,https://freemathworksheet.github.io/images/printable-tracing-worksheet-for-kids-part-59-5207.jpg,Math Practice Printables,03/28/2026 04:36:00 PM
Math Word Problem Worksheet,Fun and engaging Word Problem worksheet for Grade 3. Perfect printable math practice.,https://freemathworksheet.github.io/html/math-word-problem-worksheet-1578.html,https://freemathworksheet.github.io/images/math-word-problem-worksheet-1578.jpg,Printable Worksheets,03/28/2026 08:26:00 PM
Printable Free 29 Addition Math Worksheet For Grade 3 - Part 61 | Printable Practice,Teachers and parents love this Addition worksheet for Grade 3. Download and print instantly.,https://freemathworksheet.github.io/html/printable-free-29-addition-math-worksheet-for-grade-3-part-61-8079.html,https://freemathworksheet.github.io/images/printable-free-29-addition-math-worksheet-for-grade-3-part-61-8079.jpg,Homeschool Math,03/29/2026 08:29:00 AM
"Count and Color Apple, Triangle, Ball Worksheet for Kids",Printable Count and Color worksheet designed for Preschool students. Easy and fun math practice.,https://freemathworksheet.github.io/html/count-and-color-apple-triangle-ball-worksheet-for-kids-9184.html,https://freemathworksheet.github.io/images/count-and-color-apple-triangle-ball-worksheet-for-kids-9184.jpg,Kids Math Worksheets,03/29/2026 11:00:00 AM
Free Counting Objects Worksheet For Kindergarten - Part 63 | Printable Practice,Fun and engaging Counting Objects worksheet for Kindergarten. Perfect printable math practice.,https://freemathworksheet.github.io/html/free-counting-objects-worksheet-for-kindergarten-part-63-2538.html,https://freemathworksheet.github.io/images/free-counting-objects-worksheet-for-kindergarten-part-63-2538.jpg,Math Practice Printables,03/29/2026 01:25:00 PM
Free 13 Division Math Worksheet For Grade 2 With Answers - Part 64 | Printable Practice,Printable Division worksheet designed for Grade 2 students. Easy and fun math practice.,https://freemathworksheet.github.io/html/free-13-division-math-worksheet-for-grade-2-with-answers-part-64-3618.html,https://freemathworksheet.github.io/images/free-13-division-math-worksheet-for-grade-2-with-answers-part-64-3618.jpg,Math Practice Printables,03/29/2026 04:28:00 PM
4 Mathematics Practice Practice Worksheet,Fun and engaging Math worksheet for Math. Perfect printable math practice.,https://freemathworksheet.github.io/html/4-mathematics-practice-practice-worksheet-3478.html,https://freemathworksheet.github.io/images/4-mathematics-practice-practice-worksheet-3478.jpg,Kids Math Worksheets,03/29/2026 08:23:00 PM
Missing Number Math Worksheet,Fun and engaging Missing Number worksheet for Grade 1. Perfect printable math practice.,https://freemathworksheet.github.io/html/missing-number-math-worksheet-5900.html,https://freemathworksheet.github.io/images/missing-number-math-worksheet-5900.jpg,Printable Worksheets,03/30/2026 08:22:00 AM
Mixed Operations Math Worksheet,Teachers and parents love this Mixed Operations worksheet for Grade 3. Download and print instantly.,https://freemathworksheet.github.io/html/mixed-operations-math-worksheet-9412.html,https://freemathworksheet.github.io/images/mixed-operations-math-worksheet-9412.jpg,Elementary Math Activities,03/30/2026 11:05:00 AM
Free 10 Multiplication Math Worksheet For Grade 2 - Part 68 | Printable Practice,Fun and engaging Multiplication worksheet for Grade 2. Perfect printable math practice.,https://freemathworksheet.github.io/html/free-10-multiplication-math-worksheet-for-grade-2-part-68-7284.html,https://freemathworksheet.github.io/images/free-10-multiplication-math-worksheet-for-grade-2-part-68-7284.jpg,Printable Worksheets,03/30/2026 01:28:00 PM
Free 29 Subtraction Math Worksheet For Grade 3 With Answers - Part 69 | Printable Practice,Help kids master Subtraction with this printable worksheet for Grade 3. Great for daily math practice.,https://freemathworksheet.github.io/html/free-29-subtraction-math-worksheet-for-grade-3-with-answers-part-69-8998.html,https://freemathworksheet.github.io/images/free-29-subtraction-math-worksheet-for-grade-3-with-answers-part-69-8998.jpg,Kids Math Worksheets,03/30/2026 04:28:00 PM
Grade 3 Multiplication Table 6 Practice - Part 70 | Printable Practice,Fun and engaging Times Table worksheet for Grade 3. Perfect printable math practice.,https://freemathworksheet.github.io/html/grade-3-multiplication-table-6-practice-part-70-3156.html,https://freemathworksheet.github.io/images/grade-3-multiplication-table-6-practice-part-70-3156.jpg,Kids Math Worksheets,03/30/2026 08:33:00 PM
Printable Tracing Worksheet For Kids - Part 71 | Free Printable,Free printable Tracing worksheet for Preschool. Perfect for homeschool practice and classroom activities.,https://freemathworksheet.github.io/html/printable-tracing-worksheet-for-kids-part-71-2467.html,https://freemathworksheet.github.io/images/printable-tracing-worksheet-for-kids-part-71-2467.jpg,Kids Math Worksheets,03/31/2026 08:29:00 AM
Math Word Problem Worksheet,Printable Word Problem worksheet designed for Grade 3 students. Easy and fun math practice.,https://freemathworksheet.github.io/html/math-word-problem-worksheet-6898.html,https://freemathworksheet.github.io/images/math-word-problem-worksheet-6898.jpg,Kids Math Worksheets,03/31/2026 11:01:00 AM
Printable Free 23 Addition Math Worksheet For Grade 1 - Part 73 | Printable Practice,Help kids master Addition with this printable worksheet for Grade 1. Great for daily math practice.,https://freemathworksheet.github.io/html/printable-free-23-addition-math-worksheet-for-grade-1-part-73-4066.html,https://freemathworksheet.github.io/images/printable-free-23-addition-math-worksheet-for-grade-1-part-73-4066.jpg,Elementary Math Activities,03/31/2026 01:38:00 PM
Fun Count and Color Objects Worksheet for Kindergarten,Teachers and parents love this Count and Color worksheet for Kindergarten. Download and print instantly.,https://freemathworksheet.github.io/html/fun-count-and-color-objects-worksheet-for-kindergarten-4214.html,https://freemathworksheet.github.io/images/fun-count-and-color-objects-worksheet-for-kindergarten-4214.jpg,Homeschool Math,03/31/2026 04:34:00 PM
Free Counting Objects Worksheet For Kindergarten Printable - Part 75 | Printable Practice,Help kids master Counting Objects with this printable worksheet for Kindergarten. Great for daily math practice.,https://freemathworksheet.github.io/html/free-counting-objects-worksheet-for-kindergarten-printable-part-75-3508.html,https://freemathworksheet.github.io/images/free-counting-objects-worksheet-for-kindergarten-printable-part-75-3508.jpg,Homeschool Math,03/31/2026 08:33:00 PM
Printable Free 28 Division Math Worksheet For Grade 2 - Part 76 | Printable Practice,Free printable Division worksheet for Grade 2. Perfect for homeschool practice and classroom activities.,https://freemathworksheet.github.io/html/printable-free-28-division-math-worksheet-for-grade-2-part-76-6609.html,https://freemathworksheet.github.io/images/printable-free-28-division-math-worksheet-for-grade-2-part-76-6609.jpg,Homeschool Math,04/01/2026 08:26:00 AM
Ultimate Math Questions Worksheet (8 Questions),Free printable Math worksheet for Math. Perfect for homeschool practice and classroom activities.,https://freemathworksheet.github.io/html/ultimate-math-questions-worksheet-8-questions-4700.html,https://freemathworksheet.github.io/images/ultimate-math-questions-worksheet-8-questions-4700.jpg,Printable Worksheets,04/01/2026 11:00:00 AM
Missing Number Math Worksheet,Printable Missing Number worksheet designed for Grade 1 students. Easy and fun math practice.,https://freemathworksheet.github.io/html/missing-number-math-worksheet-7587.html,https://freemathworksheet.github.io/images/missing-number-math-worksheet-7587.jpg,Elementary Math Activities,04/01/2026 01:26:00 PM
Mixed Operations Math Worksheet,Free printable Mixed Operations worksheet for Grade 3. Perfect for homeschool practice and classroom activities.,https://freemathworksheet.github.io/html/mixed-operations-math-worksheet-9416.html,https://freemathworksheet.github.io/images/mixed-operations-math-worksheet-9416.jpg,Kids Math Worksheets,04/01/2026 04:31:00 PM
Free 14 Multiplication Math Worksheet For Grade 1 - Part 80 | Printable Practice,Help kids master Multiplication with this printable worksheet for Grade 1. Great for daily math practice.,https://freemathworksheet.github.io/html/free-14-multiplication-math-worksheet-for-grade-1-part-80-9473.html,https://freemathworksheet.github.io/images/free-14-multiplication-math-worksheet-for-grade-1-part-80-9473.jpg,Kids Math Worksheets,04/01/2026 08:32:00 PM
Printable Free 26 Subtraction Math Worksheet For Grade 5 - Part 81 | Printable Practice,Teachers and parents love this Subtraction worksheet for Grade 5. Download and print instantly.,https://freemathworksheet.github.io/html/printable-free-26-subtraction-math-worksheet-for-grade-5-part-81-5721.html,https://freemathworksheet.github.io/images/printable-free-26-subtraction-math-worksheet-for-grade-5-part-81-5721.jpg,Homeschool Math,04/02/2026 08:37:00 AM
7 Times Table Worksheet For Grade 3 With Answers - Part 82 | Printable Practice,Printable Times Table worksheet designed for Grade 3 students. Easy and fun math practice.,https://freemathworksheet.github.io/html/7-times-table-worksheet-for-grade-3-with-answers-part-82-3572.html,https://freemathworksheet.github.io/images/7-times-table-worksheet-for-grade-3-with-answers-part-82-3572.jpg,Elementary Math Activities,04/02/2026 11:00:00 AM
Printable Tracing Worksheet For Kids - Part 83 | Free Printable,Teachers and parents love this Tracing worksheet for Preschool. Download and print instantly.,https://freemathworksheet.github.io/html/printable-tracing-worksheet-for-kids-part-83-8992.html,https://freemathworksheet.github.io/images/printable-tracing-worksheet-for-kids-part-83-8992.jpg,Math Practice Printables,04/02/2026 01:28:00 PM
Math Word Problem Worksheet,Free printable Word Problem worksheet for Grade 3. Perfect for homeschool practice and classroom activities.,https://freemathworksheet.github.io/html/math-word-problem-worksheet-4951.html,https://freemathworksheet.github.io/images/math-word-problem-worksheet-4951.jpg,Elementary Math Activities,04/02/2026 04:28:00 PM
Free 21 Addition Math Worksheet For Grade 1 - Part 85 | Printable Practice,Teachers and parents love this Addition worksheet for Grade 1. Download and print instantly.,https://freemathworksheet.github.io/html/free-21-addition-math-worksheet-for-grade-1-part-85-5765.html,https://freemathworksheet.github.io/images/free-21-addition-math-worksheet-for-grade-1-part-85-5765.jpg,Math Practice Printables,04/02/2026 08:32:00 PM
Free Grade 1 Count and Color Worksheet,Help kids master Count and Color with this printable worksheet for Grade 1. Great for daily math practice.,https://freemathworksheet.github.io/html/free-grade-1-count-and-color-worksheet-2760.html,https://freemathworksheet.github.io/images/free-grade-1-count-and-color-worksheet-2760.jpg,Elementary Math Activities,04/03/2026 08:28:00 AM
Learn Counting With Pictures Worksheet (Pre-K) - Part 87 | Printable Practice,Help kids master Counting Objects with this printable worksheet for Pre-K. Great for daily math practice.,https://freemathworksheet.github.io/html/learn-counting-with-pictures-worksheet-pre-k-part-87-9761.html,https://freemathworksheet.github.io/images/learn-counting-with-pictures-worksheet-pre-k-part-87-9761.jpg,Math Practice Printables,04/03/2026 11:06:00 AM
Free 12 Division Math Worksheet For Grade 1 - Part 88 | Printable Practice,Fun and engaging Division worksheet for Grade 1. Perfect printable math practice.,https://freemathworksheet.github.io/html/free-12-division-math-worksheet-for-grade-1-part-88-9758.html,https://freemathworksheet.github.io/images/free-12-division-math-worksheet-for-grade-1-part-88-9758.jpg,Homeschool Math,04/03/2026 01:33:00 PM
4 Math Skill Test,Teachers and parents love this Math worksheet for Math. Download and print instantly.,https://freemathworksheet.github.io/html/4-math-skill-test-7718.html,https://freemathworksheet.github.io/images/4-math-skill-test-7718.jpg,Math Practice Printables,04/03/2026 04:27:00 PM
Missing Number Math Worksheet,Free printable Missing Number worksheet for Grade 1. Perfect for homeschool practice and classroom activities.,https://freemathworksheet.github.io/html/missing-number-math-worksheet-7220.html,https://freemathworksheet.github.io/images/missing-number-math-worksheet-7220.jpg,Kids Math Worksheets,04/03/2026 08:30:00 PM
Mixed Operations Math Worksheet,Help kids master Mixed Operations with this printable worksheet for Grade 3. Great for daily math practice.,https://freemathworksheet.github.io/html/mixed-operations-math-worksheet-1318.html,https://freemathworksheet.github.io/images/mixed-operations-math-worksheet-1318.jpg,Math Practice Printables,04/04/2026 08:38:00 AM
Free 27 Multiplication Math Worksheet For Grade 2 - Part 92 | Printable Practice,Teachers and parents love this Multiplication worksheet for Grade 2. Download and print instantly.,https://freemathworksheet.github.io/html/free-27-multiplication-math-worksheet-for-grade-2-part-92-8867.html,https://freemathworksheet.github.io/images/free-27-multiplication-math-worksheet-for-grade-2-part-92-8867.jpg,Homeschool Math,04/04/2026 11:04:00 AM
Free 17 Subtraction Math Worksheet For Grade 3 - Part 93 | Printable Practice,Free printable Subtraction worksheet for Grade 3. Perfect for homeschool practice and classroom activities.,https://freemathworksheet.github.io/html/free-17-subtraction-math-worksheet-for-grade-3-part-93-9521.html,https://freemathworksheet.github.io/images/free-17-subtraction-math-worksheet-for-grade-3-part-93-9521.jpg,Elementary Math Activities,04/04/2026 01:24:00 PM
Printable 2 Times Table Worksheet For Grade 2 - Part 94 | Printable Practice,Teachers and parents love this Times Table worksheet for Grade 2. Download and print instantly.,https://freemathworksheet.github.io/html/printable-2-times-table-worksheet-for-grade-2-part-94-3196.html,https://freemathworksheet.github.io/images/printable-2-times-table-worksheet-for-grade-2-part-94-3196.jpg,Math Practice Printables,04/04/2026 04:30:00 PM
Printable Tracing Worksheet For Kids - Part 95 | Free Printable,Free printable Tracing worksheet for Preschool. Perfect for homeschool practice and classroom activities.,https://freemathworksheet.github.io/html/printable-tracing-worksheet-for-kids-part-95-5728.html,https://freemathworksheet.github.io/images/printable-tracing-worksheet-for-kids-part-95-5728.jpg,Elementary Math Activities,04/04/2026 08:22:00 PM
Math Word Problem Worksheet,Help kids master Word Problem with this printable worksheet for Grade 3. Great for daily math practice.,https://freemathworksheet.github.io/html/math-word-problem-worksheet-1513.html,https://freemathworksheet.github.io/images/math-word-problem-worksheet-1513.jpg,Homeschool Math,04/05/2026 08:29:00 AM
Printable Free 12 Addition Math Worksheet For Grade 5 - Part 97 | Printable Practice,Help kids master Addition with this printable worksheet for Grade 5. Great for daily math practice.,https://freemathworksheet.github.io/html/printable-free-12-addition-math-worksheet-for-grade-5-part-97-6444.html,https://freemathworksheet.github.io/images/printable-free-12-addition-math-worksheet-for-grade-5-part-97-6444.jpg,Printable Worksheets,04/05/2026 11:06:00 AM
Fun Count and Color Objects Worksheet for Grade 1,Help kids master Count and Color with this printable worksheet for Grade 1. Great for daily math practice.,https://freemathworksheet.github.io/html/fun-count-and-color-objects-worksheet-for-grade-1-8678.html,https://freemathworksheet.github.io/images/fun-count-and-color-objects-worksheet-for-grade-1-8678.jpg,Elementary Math Activities,04/05/2026 01:37:00 PM
Free Counting Objects Worksheet For Kindergarten - Part 99 | Printable Practice,Free printable Counting Objects worksheet for Kindergarten. Perfect for homeschool practice and classroom activities.,https://freemathworksheet.github.io/html/free-counting-objects-worksheet-for-kindergarten-part-99-9220.html,https://freemathworksheet.github.io/images/free-counting-objects-worksheet-for-kindergarten-part-99-9220.jpg,Elementary Math Activities,04/05/2026 04:36:00 PM
Printable Free 10 Division Math Worksheet For Grade 2 - Part 100 | Printable Practice,Fun and engaging Division worksheet for Grade 2. Perfect printable math practice.,https://freemathworksheet.github.io/html/printable-free-10-division-math-worksheet-for-grade-2-part-100-6064.html,https://freemathworksheet.github.io/images/printable-free-10-division-math-worksheet-for-grade-2-part-100-6064.jpg,Kids Math Worksheets,04/05/2026 08:38:00 PM
8 Math Knowledge Test Practice Worksheet,Free printable Math worksheet for Math. Perfect for homeschool practice and classroom activities.,https://freemathworksheet.github.io/html/8-math-knowledge-test-practice-worksheet-6142.html,https://freemathworksheet.github.io/images/8-math-knowledge-test-practice-worksheet-6142.jpg,Math Practice Printables,04/06/2026 08:23:00 AM
Missing Number Math Worksheet,Fun and engaging Missing Number worksheet for Grade 1. Perfect printable math practice.,https://freemathworksheet.github.io/html/missing-number-math-worksheet-8883.html,https://freemathworksheet.github.io/images/missing-number-math-worksheet-8883.jpg,Math Practice Printables,04/06/2026 11:00:00 AM
Mixed Operations Math Worksheet,Printable Mixed Operations worksheet designed for Grade 3 students. Easy and fun math practice.,https://freemathworksheet.github.io/html/mixed-operations-math-worksheet-9653.html,https://freemathworksheet.github.io/images/mixed-operations-math-worksheet-9653.jpg,Elementary Math Activities,04/06/2026 01:32:00 PM
Free 26 Multiplication Math Worksheet For Grade 2 With Answers - Part 104 | Printable Practice,Teachers and parents love this Multiplication worksheet for Grade 2. Download and print instantly.,https://freemathworksheet.github.io/html/free-26-multiplication-math-worksheet-for-grade-2-with-answers-part-104-1843.html,https://freemathworksheet.github.io/images/free-26-multiplication-math-worksheet-for-grade-2-with-answers-part-104-1843.jpg,Math Practice Printables,04/06/2026 04:27:00 PM
Free 19 Subtraction Math Worksheet For Grade 3 - Part 105 | Printable Practice,Fun and engaging Subtraction worksheet for Grade 3. Perfect printable math practice.,https://freemathworksheet.github.io/html/free-19-subtraction-math-worksheet-for-grade-3-part-105-7760.html,https://freemathworksheet.github.io/images/free-19-subtraction-math-worksheet-for-grade-3-part-105-7760.jpg,Elementary Math Activities,04/06/2026 08:29:00 PM
Printable 11 Times Table Worksheet For Grade 4 - Part 106 | Printable Practice,Fun and engaging Times Table worksheet for Grade 4. Perfect printable math practice.,https://freemathworksheet.github.io/html/printable-11-times-table-worksheet-for-grade-4-part-106-5956.html,https://freemathworksheet.github.io/images/printable-11-times-table-worksheet-for-grade-4-part-106-5956.jpg,Math Practice Printables,04/07/2026 08:28:00 AM
Printable Tracing Worksheet For Kids - Part 107 | Free Printable,Teachers and parents love this Tracing worksheet for Preschool. Download and print instantly.,https://freemathworksheet.github.io/html/printable-tracing-worksheet-for-kids-part-107-4835.html,https://freemathworksheet.github.io/images/printable-tracing-worksheet-for-kids-part-107-4835.jpg,Math Practice Printables,04/07/2026 11:02:00 AM
Math Word Problem Worksheet,Free printable Word Problem worksheet for Grade 3. Perfect for homeschool practice and classroom activities.,https://freemathworksheet.github.io/html/math-word-problem-worksheet-5409.html,https://freemathworksheet.github.io/images/math-word-problem-worksheet-5409.jpg,Math Practice Printables,04/07/2026 01:28:00 PM
Free 15 Addition Math Worksheet For Grade 1 - Part 109 | Printable Practice,Printable Addition worksheet designed for Grade 1 students. Easy and fun math practice.,https://freemathworksheet.github.io/html/free-15-addition-math-worksheet-for-grade-1-part-109-6514.html,https://freemathworksheet.github.io/images/free-15-addition-math-worksheet-for-grade-1-part-109-6514.jpg,Homeschool Math,04/07/2026 04:35:00 PM
Free Grade 1 Count and Color Worksheet,Help kids master Count and Color with this printable worksheet for Grade 1. Great for daily math practice.,https://freemathworksheet.github.io/html/free-grade-1-count-and-color-worksheet-1672.html,https://freemathworksheet.github.io/images/free-grade-1-count-and-color-worksheet-1672.jpg,Homeschool Math,04/07/2026 08:25:00 PM
Learn Counting With Pictures Worksheet (Kindergarten) - Part 111 | Printable Practice,Printable Counting Objects worksheet designed for Kindergarten students. Easy and fun math practice.,https://freemathworksheet.github.io/html/learn-counting-with-pictures-worksheet-kindergarten-part-111-5757.html,https://freemathworksheet.github.io/images/learn-counting-with-pictures-worksheet-kindergarten-part-111-5757.jpg,Homeschool Math,04/08/2026 08:33:00 AM
Free 20 Division Math Worksheet For Grade 2 - Part 112 | Printable Practice,Free printable Division worksheet for Grade 2. Perfect for homeschool practice and classroom activities.,https://freemathworksheet.github.io/html/free-20-division-math-worksheet-for-grade-2-part-112-9542.html,https://freemathworksheet.github.io/images/free-20-division-math-worksheet-for-grade-2-part-112-9542.jpg,Kids Math Worksheets,04/08/2026 11:05:00 AM
4 Mathematics Problem Set Worksheet,Help kids master Math with this printable worksheet for Math. Great for daily math practice.,https://freemathworksheet.github.io/html/4-mathematics-problem-set-worksheet-4453.html,https://freemathworksheet.github.io/images/4-mathematics-problem-set-worksheet-4453.jpg,Math Practice Printables,04/08/2026 01:33:00 PM
Missing Number Math Worksheet,Teachers and parents love this Missing Number worksheet for Grade 1. Download and print instantly.,https://freemathworksheet.github.io/html/missing-number-math-worksheet-8872.html,https://freemathworksheet.github.io/images/missing-number-math-worksheet-8872.jpg,Elementary Math Activities,04/08/2026 04:29:00 PM
Mixed Operations Math Worksheet,Help kids master Mixed Operations with this printable worksheet for Grade 3. Great for daily math practice.,https://freemathworksheet.github.io/html/mixed-operations-math-worksheet-2331.html,https://freemathworksheet.github.io/images/mixed-operations-math-worksheet-2331.jpg,Kids Math Worksheets,04/08/2026 08:33:00 PM
Free 28 Multiplication Math Worksheet For Grade 2 With Answers - Part 116 | Printable Practice,Teachers and parents love this Multiplication worksheet for Grade 2. Download and print instantly.,https://freemathworksheet.github.io/html/free-28-multiplication-math-worksheet-for-grade-2-with-answers-part-116-5134.html,https://freemathworksheet.github.io/images/free-28-multiplication-math-worksheet-for-grade-2-with-answers-part-116-5134.jpg,Math Practice Printables,04/09/2026 08:22:00 AM
Free 25 Subtraction Math Worksheet For Grade 3 - Part 117 | Printable Practice,Printable Subtraction worksheet designed for Grade 3 students. Easy and fun math practice.,https://freemathworksheet.github.io/html/free-25-subtraction-math-worksheet-for-grade-3-part-117-8970.html,https://freemathworksheet.github.io/images/free-25-subtraction-math-worksheet-for-grade-3-part-117-8970.jpg,Math Practice Printables,04/09/2026 11:00:00 AM
Grade 3 Multiplication Table 9 Practice - Part 118 | Printable Practice,Printable Times Table worksheet designed for Grade 3 students. Easy and fun math practice.,https://freemathworksheet.github.io/html/grade-3-multiplication-table-9-practice-part-118-4484.html,https://freemathworksheet.github.io/images/grade-3-multiplication-table-9-practice-part-118-4484.jpg,Kids Math Worksheets,04/09/2026 01:36:00 PM
Printable Tracing Worksheet For Kids - Part 119 | Free Printable,Free printable Tracing worksheet for Kindergarten. Perfect for homeschool practice and classroom activities.,https://freemathworksheet.github.io/html/printable-tracing-worksheet-for-kids-part-119-1273.html,https://freemathworksheet.github.io/images/printable-tracing-worksheet-for-kids-part-119-1273.jpg,Elementary Math Activities,04/09/2026 04:27:00 PM
Math Word Problem Worksheet,Printable Word Problem worksheet designed for Grade 3 students. Easy and fun math practice.,https://freemathworksheet.github.io/html/math-word-problem-worksheet-8859.html,https://freemathworksheet.github.io/images/math-word-problem-worksheet-8859.jpg,Kids Math Worksheets,04/09/2026 08:36:00 PM
Printable Free 24 Addition Math Worksheet For Grade 3 - Part 121 | Printable Practice,Printable Addition worksheet designed for Grade 3 students. Easy and fun math practice.,https://freemathworksheet.github.io/html/printable-free-24-addition-math-worksheet-for-grade-3-part-121-8592.html,https://freemathworksheet.github.io/images/printable-free-24-addition-math-worksheet-for-grade-3-part-121-8592.jpg,Kids Math Worksheets,04/10/2026 08:23:00 AM
"Count and Color Triangle, Apple, Square Worksheet for Kids",Fun and engaging Count and Color worksheet for Preschool. Perfect printable math practice.,https://freemathworksheet.github.io/html/count-and-color-triangle-apple-square-worksheet-for-kids-2270.html,https://freemathworksheet.github.io/images/count-and-color-triangle-apple-square-worksheet-for-kids-2270.jpg,Kids Math Worksheets,04/10/2026 11:08:00 AM
Kindergarten Count The Objects Worksheet - Part 123 | Printable Practice,Fun and engaging Counting Objects worksheet for Kindergarten. Perfect printable math practice.,https://freemathworksheet.github.io/html/kindergarten-count-the-objects-worksheet-part-123-5204.html,https://freemathworksheet.github.io/images/kindergarten-count-the-objects-worksheet-part-123-5204.jpg,Elementary Math Activities,04/10/2026 01:26:00 PM
Free 16 Division Math Worksheet For Grade 1 With Answers - Part 124 | Printable Practice,Printable Division worksheet designed for Grade 1 students. Easy and fun math practice.,https://freemathworksheet.github.io/html/free-16-division-math-worksheet-for-grade-1-with-answers-part-124-4569.html,https://freemathworksheet.github.io/images/free-16-division-math-worksheet-for-grade-1-with-answers-part-124-4569.jpg,Printable Worksheets,04/10/2026 04:36:00 PM
Complete Math Skill Test Training Worksheet for High School Students,Printable Math worksheet designed for Math students. Easy and fun math practice.,https://freemathworksheet.github.io/html/complete-math-skill-test-training-worksheet-for-high-school-students-5077.html,https://freemathworksheet.github.io/images/complete-math-skill-test-training-worksheet-for-high-school-students-5077.jpg,Math Practice Printables,04/10/2026 08:38:00 PM
Missing Number Math Worksheet,Help kids master Missing Number with this printable worksheet for Grade 1. Great for daily math practice.,https://freemathworksheet.github.io/html/missing-number-math-worksheet-6830.html,https://freemathworksheet.github.io/images/missing-number-math-worksheet-6830.jpg,Elementary Math Activities,04/11/2026 08:25:00 AM
Mixed Operations Math Worksheet,Fun and engaging Mixed Operations worksheet for Grade 3. Perfect printable math practice.,https://freemathworksheet.github.io/html/mixed-operations-math-worksheet-7747.html,https://freemathworksheet.github.io/images/mixed-operations-math-worksheet-7747.jpg,Kids Math Worksheets,04/11/2026 11:06:00 AM
Free 18 Multiplication Math Worksheet For Grade 2 - Part 128 | Printable Practice,Teachers and parents love this Multiplication worksheet for Grade 2. Download and print instantly.,https://freemathworksheet.github.io/html/free-18-multiplication-math-worksheet-for-grade-2-part-128-9315.html,https://freemathworksheet.github.io/images/free-18-multiplication-math-worksheet-for-grade-2-part-128-9315.jpg,Kids Math Worksheets,04/11/2026 01:26:00 PM
Free 17 Subtraction Math Worksheet For Grade 2 With Answers - Part 129 | Printable Practice,Fun and engaging Subtraction worksheet for Grade 2. Perfect printable math practice.,https://freemathworksheet.github.io/html/free-17-subtraction-math-worksheet-for-grade-2-with-answers-part-129-4197.html,https://freemathworksheet.github.io/images/free-17-subtraction-math-worksheet-for-grade-2-with-answers-part-129-4197.jpg,Homeschool Math,04/11/2026 04:33:00 PM
10 Times Table Worksheet For Grade 3 With Answers - Part 130 | Printable Practice,Teachers and parents love this Times Table worksheet for Grade 3. Download and print instantly.,https://freemathworksheet.github.io/html/10-times-table-worksheet-for-grade-3-with-answers-part-130-5716.html,https://freemathworksheet.github.io/images/10-times-table-worksheet-for-grade-3-with-answers-part-130-5716.jpg,Kids Math Worksheets,04/11/2026 08:33:00 PM
Printable Tracing Worksheet For Kids - Part 131 | Free Printable,Free printable Tracing worksheet for Preschool. Perfect for homeschool practice and classroom activities.,https://freemathworksheet.github.io/html/printable-tracing-worksheet-for-kids-part-131-3835.html,https://freemathworksheet.github.io/images/printable-tracing-worksheet-for-kids-part-131-3835.jpg,Kids Math Worksheets,04/12/2026 08:23:00 AM
Math Word Problem Worksheet,Printable Word Problem worksheet designed for Grade 3 students. Easy and fun math practice.,https://freemathworksheet.github.io/html/math-word-problem-worksheet-5811.html,https://freemathworksheet.github.io/images/math-word-problem-worksheet-5811.jpg,Math Practice Printables,04/12/2026 11:00:00 AM
Free 25 Addition Math Worksheet For Grade 1 With Answers - Part 133 | Printable Practice,Teachers and parents love this Addition worksheet for Grade 1. Download and print instantly.,https://freemathworksheet.github.io/html/free-25-addition-math-worksheet-for-grade-1-with-answers-part-133-5516.html,https://freemathworksheet.github.io/images/free-25-addition-math-worksheet-for-grade-1-with-answers-part-133-5516.jpg,Elementary Math Activities,04/12/2026 01:28:00 PM
Kindergarten Count and Color Shapes Worksheet,Teachers and parents love this Count and Color worksheet for Kindergarten. Download and print instantly.,https://freemathworksheet.github.io/html/kindergarten-count-and-color-shapes-worksheet-2715.html,https://freemathworksheet.github.io/images/kindergarten-count-and-color-shapes-worksheet-2715.jpg,Elementary Math Activities,04/12/2026 04:37:00 PM
Free Counting Objects Worksheet For Kindergarten - Part 135 | Printable Practice,Help kids master Counting Objects with this printable worksheet for Kindergarten. Great for daily math practice.,https://freemathworksheet.github.io/html/free-counting-objects-worksheet-for-kindergarten-part-135-3675.html,https://freemathworksheet.github.io/images/free-counting-objects-worksheet-for-kindergarten-part-135-3675.jpg,Math Practice Printables,04/12/2026 08:37:00 PM
Printable Free 25 Division Math Worksheet For Grade 2 - Part 136 | Printable Practice,Help kids master Division with this printable worksheet for Grade 2. Great for daily math practice.,https://freemathworksheet.github.io/html/printable-free-25-division-math-worksheet-for-grade-2-part-136-2795.html,https://freemathworksheet.github.io/images/printable-free-25-division-math-worksheet-for-grade-2-part-136-2795.jpg,Printable Worksheets,04/13/2026 08:25:00 AM
Printable Math Knowledge Test Quiz Worksheet for Teens,Free printable Math worksheet for Math. Perfect for homeschool practice and classroom activities.,https://freemathworksheet.github.io/html/printable-math-knowledge-test-quiz-worksheet-for-teens-9705.html,https://freemathworksheet.github.io/images/printable-math-knowledge-test-quiz-worksheet-for-teens-9705.jpg,Math Practice Printables,04/13/2026 11:07:00 AM
Missing Number Math Worksheet,Fun and engaging Missing Number worksheet for Grade 1. Perfect printable math practice.,https://freemathworksheet.github.io/html/missing-number-math-worksheet-4442.html,https://freemathworksheet.github.io/images/missing-number-math-worksheet-4442.jpg,Kids Math Worksheets,04/13/2026 01:33:00 PM
Mixed Operations Math Worksheet,Help kids master Mixed Operations with this printable worksheet for Grade 3. Great for daily math practice.,https://freemathworksheet.github.io/html/mixed-operations-math-worksheet-4081.html,https://freemathworksheet.github.io/images/mixed-operations-math-worksheet-4081.jpg,Homeschool Math,04/13/2026 04:26:00 PM
Printable Free 17 Multiplication Math Worksheet For Grade 2 - Part 140 | Printable Practice,Teachers and parents love this Multiplication worksheet for Grade 2. Download and print instantly.,https://freemathworksheet.github.io/html/printable-free-17-multiplication-math-worksheet-for-grade-2-part-140-7482.html,https://freemathworksheet.github.io/images/printable-free-17-multiplication-math-worksheet-for-grade-2-part-140-7482.jpg,Homeschool Math,04/13/2026 08:24:00 PM
Free 22 Subtraction Math Worksheet For Grade 3 - Part 141 | Printable Practice,Fun and engaging Subtraction worksheet for Grade 3. Perfect printable math practice.,https://freemathworksheet.github.io/html/free-22-subtraction-math-worksheet-for-grade-3-part-141-8156.html,https://freemathworksheet.github.io/images/free-22-subtraction-math-worksheet-for-grade-3-part-141-8156.jpg,Math Practice Printables,04/14/2026 08:32:00 AM
Grade 3 Multiplication Table 8 Practice - Part 142 | Printable Practice,Free printable Times Table worksheet for Grade 3. Perfect for homeschool practice and classroom activities.,https://freemathworksheet.github.io/html/grade-3-multiplication-table-8-practice-part-142-2889.html,https://freemathworksheet.github.io/images/grade-3-multiplication-table-8-practice-part-142-2889.jpg,Kids Math Worksheets,04/14/2026 11:00:00 AM
Printable Tracing Worksheet For Kids - Part 143 | Free Printable,Free printable Tracing worksheet for Preschool. Perfect for homeschool practice and classroom activities.,https://freemathworksheet.github.io/html/printable-tracing-worksheet-for-kids-part-143-9521.html,https://freemathworksheet.github.io/images/printable-tracing-worksheet-for-kids-part-143-9521.jpg,Homeschool Math,04/14/2026 01:26:00 PM
Math Word Problem Worksheet,Printable Word Problem worksheet designed for Grade 3 students. Easy and fun math practice.,https://freemathworksheet.github.io/html/math-word-problem-worksheet-9648.html,https://freemathworksheet.github.io/images/math-word-problem-worksheet-9648.jpg,Elementary Math Activities,04/14/2026 04:22:00 PM
Free 22 Addition Math Worksheet For Grade 5 With Answers - Part 145 | Printable Practice,Printable Addition worksheet designed for Grade 5 students. Easy and fun math practice.,https://freemathworksheet.github.io/html/free-22-addition-math-worksheet-for-grade-5-with-answers-part-145-8221.html,https://freemathworksheet.github.io/images/free-22-addition-math-worksheet-for-grade-5-with-answers-part-145-8221.jpg,Kids Math Worksheets,04/14/2026 08:38:00 PM
5 Free Count and Color Worksheets for Kindergarten,Printable Count and Color worksheet designed for Kindergarten students. Easy and fun math practice.,https://freemathworksheet.github.io/html/5-free-count-and-color-worksheets-for-kindergarten-6186.html,https://freemathworksheet.github.io/images/5-free-count-and-color-worksheets-for-kindergarten-6186.jpg,Math Practice Printables,04/15/2026 08:29:00 AM
Kindergarten Count The Objects Worksheet - Part 147 | Printable Practice,Help kids master Counting Objects with this printable worksheet for Kindergarten. Great for daily math practice.,https://freemathworksheet.github.io/html/kindergarten-count-the-objects-worksheet-part-147-4214.html,https://freemathworksheet.github.io/images/kindergarten-count-the-objects-worksheet-part-147-4214.jpg,Homeschool Math,04/15/2026 11:03:00 AM
Free 26 Division Math Worksheet For Grade 2 - Part 148 | Printable Practice,Printable Division worksheet designed for Grade 2 students. Easy and fun math practice.,https://freemathworksheet.github.io/html/free-26-division-math-worksheet-for-grade-2-part-148-4533.html,https://freemathworksheet.github.io/images/free-26-division-math-worksheet-for-grade-2-part-148-4533.jpg,Printable Worksheets,04/15/2026 01:31:00 PM
4 Mathematics Quiz Worksheet for Practice,Teachers and parents love this Math worksheet for Math. Download and print instantly.,https://freemathworksheet.github.io/html/4-mathematics-quiz-worksheet-for-practice-3242.html,https://freemathworksheet.github.io/images/4-mathematics-quiz-worksheet-for-practice-3242.jpg,Elementary Math Activities,04/15/2026 04:38:00 PM
Missing Number Math Worksheet,Help kids master Missing Number with this printable worksheet for Grade 1. Great for daily math practice.,https://freemathworksheet.github.io/html/missing-number-math-worksheet-7207.html,https://freemathworksheet.github.io/images/missing-number-math-worksheet-7207.jpg,Kids Math Worksheets,04/15/2026 08:35:00 PM
Mixed Operations Math Worksheet,Fun and engaging Mixed Operations worksheet for Grade 3. Perfect printable math practice.,https://freemathworksheet.github.io/html/mixed-operations-math-worksheet-8802.html,https://freemathworksheet.github.io/images/mixed-operations-math-worksheet-8802.jpg,Math Practice Printables,04/16/2026 08:36:00 AM
Free 14 Multiplication Math Worksheet For Grade 1 With Answers - Part 152 | Printable Practice,Fun and engaging Multiplication worksheet for Grade 1. Perfect printable math practice.,https://freemathworksheet.github.io/html/free-14-multiplication-math-worksheet-for-grade-1-with-answers-part-152-4700.html,https://freemathworksheet.github.io/images/free-14-multiplication-math-worksheet-for-grade-1-with-answers-part-152-4700.jpg,Homeschool Math,04/16/2026 11:00:00 AM
Free 25 Subtraction Math Worksheet For Grade 3 - Part 153 | Printable Practice,Fun and engaging Subtraction worksheet for Grade 3. Perfect printable math practice.,https://freemathworksheet.github.io/html/free-25-subtraction-math-worksheet-for-grade-3-part-153-6371.html,https://freemathworksheet.github.io/images/free-25-subtraction-math-worksheet-for-grade-3-part-153-6371.jpg,Elementary Math Activities,04/16/2026 01:22:00 PM
Printable 7 Times Table Worksheet For Grade 3 - Part 154 | Printable Practice,Printable Times Table worksheet designed for Grade 3 students. Easy and fun math practice.,https://freemathworksheet.github.io/html/printable-7-times-table-worksheet-for-grade-3-part-154-4649.html,https://freemathworksheet.github.io/images/printable-7-times-table-worksheet-for-grade-3-part-154-4649.jpg,Printable Worksheets,04/16/2026 04:26:00 PM
Printable Tracing Worksheet For Kids - Part 155 | Free Printable,Help kids master Tracing with this printable worksheet for Kindergarten. Great for daily math practice.,https://freemathworksheet.github.io/html/printable-tracing-worksheet-for-kids-part-155-4389.html,https://freemathworksheet.github.io/images/printable-tracing-worksheet-for-kids-part-155-4389.jpg,Math Practice Printables,04/16/2026 08:23:00 PM
Math Word Problem Worksheet,Teachers and parents love this Word Problem worksheet for Grade 3. Download and print instantly.,https://freemathworksheet.github.io/html/math-word-problem-worksheet-7201.html,https://freemathworksheet.github.io/images/math-word-problem-worksheet-7201.jpg,Printable Worksheets,04/17/2026 08:25:00 AM
Printable Free 18 Addition Math Worksheet For Grade 3 - Part 157 | Printable Practice,Printable Addition worksheet designed for Grade 3 students. Easy and fun math practice.,https://freemathworksheet.github.io/html/printable-free-18-addition-math-worksheet-for-grade-3-part-157-6664.html,https://freemathworksheet.github.io/images/printable-free-18-addition-math-worksheet-for-grade-3-part-157-6664.jpg,Printable Worksheets,04/17/2026 11:00:00 AM
4 Free Count and Color Worksheets for Preschool,Help kids master Count and Color with this printable worksheet for Preschool. Great for daily math practice.,https://freemathworksheet.github.io/html/4-free-count-and-color-worksheets-for-preschool-3418.html,https://freemathworksheet.github.io/images/4-free-count-and-color-worksheets-for-preschool-3418.jpg,Homeschool Math,04/17/2026 01:34:00 PM
Free Counting Objects Worksheet For Kindergarten - Part 159 | Printable Practice,Printable Counting Objects worksheet designed for Kindergarten students. Easy and fun math practice.,https://freemathworksheet.github.io/html/free-counting-objects-worksheet-for-kindergarten-part-159-1817.html,https://freemathworksheet.github.io/images/free-counting-objects-worksheet-for-kindergarten-part-159-1817.jpg,Printable Worksheets,04/17/2026 04:26:00 PM
Free 14 Division Math Worksheet For Grade 2 - Part 160 | Printable Practice,Help kids master Division with this printable worksheet for Grade 2. Great for daily math practice.,https://freemathworksheet.github.io/html/free-14-division-math-worksheet-for-grade-2-part-160-9033.html,https://freemathworksheet.github.io/images/free-14-division-math-worksheet-for-grade-2-part-160-9033.jpg,Math Practice Printables,04/17/2026 08:30:00 PM
7 Math Trivia for Study,Fun and engaging Math worksheet for Math. Perfect printable math practice.,https://freemathworksheet.github.io/html/7-math-trivia-for-study-9866.html,https://freemathworksheet.github.io/images/7-math-trivia-for-study-9866.jpg,Kids Math Worksheets,04/18/2026 08:25:00 AM
Missing Number Math Worksheet,Fun and engaging Missing Number worksheet for Grade 1. Perfect printable math practice.,https://freemathworksheet.github.io/html/missing-number-math-worksheet-3455.html,https://freemathworksheet.github.io/images/missing-number-math-worksheet-3455.jpg,Printable Worksheets,04/18/2026 11:03:00 AM
Mixed Operations Math Worksheet,Printable Mixed Operations worksheet designed for Grade 3 students. Easy and fun math practice.,https://freemathworksheet.github.io/html/mixed-operations-math-worksheet-9027.html,https://freemathworksheet.github.io/images/mixed-operations-math-worksheet-9027.jpg,Math Practice Printables,04/18/2026 01:37:00 PM
Free 21 Multiplication Math Worksheet For Grade 2 - Part 164 | Printable Practice,Help kids master Multiplication with this printable worksheet for Grade 2. Great for daily math practice.,https://freemathworksheet.github.io/html/free-21-multiplication-math-worksheet-for-grade-2-part-164-5321.html,https://freemathworksheet.github.io/images/free-21-multiplication-math-worksheet-for-grade-2-part-164-5321.jpg,Kids Math Worksheets,04/18/2026 04:38:00 PM
Free 26 Subtraction Math Worksheet For Grade 3 With Answers - Part 165 | Printable Practice,Help kids master Subtraction with this printable worksheet for Grade 3. Great for daily math practice.,https://freemathworksheet.github.io/html/free-26-subtraction-math-worksheet-for-grade-3-with-answers-part-165-7338.html,https://freemathworksheet.github.io/images/free-26-subtraction-math-worksheet-for-grade-3-with-answers-part-165-7338.jpg,Homeschool Math,04/18/2026 08:38:00 PM
Printable 2 Times Table Worksheet For Grade 2 - Part 166 | Printable Practice,Help kids master Times Table with this printable worksheet for Grade 2. Great for daily math practice.,https://freemathworksheet.github.io/html/printable-2-times-table-worksheet-for-grade-2-part-166-2614.html,https://freemathworksheet.github.io/images/printable-2-times-table-worksheet-for-grade-2-part-166-2614.jpg,Math Practice Printables,04/19/2026 08:32:00 AM
Printable Tracing Worksheet For Kids - Part 167 | Free Printable,Free printable Tracing worksheet for Preschool. Perfect for homeschool practice and classroom activities.,https://freemathworksheet.github.io/html/printable-tracing-worksheet-for-kids-part-167-3296.html,https://freemathworksheet.github.io/images/printable-tracing-worksheet-for-kids-part-167-3296.jpg,Math Practice Printables,04/19/2026 11:00:00 AM
Math Word Problem Worksheet,Help kids master Word Problem with this printable worksheet for Grade 3. Great for daily math practice.,https://freemathworksheet.github.io/html/math-word-problem-worksheet-1534.html,https://freemathworksheet.github.io/images/math-word-problem-worksheet-1534.jpg,Printable Worksheets,04/19/2026 01:38:00 PM
Grade 5 Addition Practice Worksheet (15 Problems) - Part 169 | Printable Practice,Teachers and parents love this Addition worksheet for Grade 5. Download and print instantly.,https://freemathworksheet.github.io/html/grade-5-addition-practice-worksheet-15-problems-part-169-6352.html,https://freemathworksheet.github.io/images/grade-5-addition-practice-worksheet-15-problems-part-169-6352.jpg,Homeschool Math,04/19/2026 04:27:00 PM
4 Free Count and Color Worksheets for Preschool,Printable Count and Color worksheet designed for Preschool students. Easy and fun math practice.,https://freemathworksheet.github.io/html/4-free-count-and-color-worksheets-for-preschool-3449.html,https://freemathworksheet.github.io/images/4-free-count-and-color-worksheets-for-preschool-3449.jpg,Math Practice Printables,04/19/2026 08:27:00 PM
Free Counting Objects Worksheet For Kindergarten - Part 171 | Printable Practice,Fun and engaging Counting Objects worksheet for Kindergarten. Perfect printable math practice.,https://freemathworksheet.github.io/html/free-counting-objects-worksheet-for-kindergarten-part-171-9132.html,https://freemathworksheet.github.io/images/free-counting-objects-worksheet-for-kindergarten-part-171-9132.jpg,Kids Math Worksheets,04/20/2026 08:27:00 AM
Printable Free 14 Division Math Worksheet For Grade 2 - Part 172 | Printable Practice,Free printable Division worksheet for Grade 2. Perfect for homeschool practice and classroom activities.,https://freemathworksheet.github.io/html/printable-free-14-division-math-worksheet-for-grade-2-part-172-8591.html,https://freemathworksheet.github.io/images/printable-free-14-division-math-worksheet-for-grade-2-part-172-8591.jpg,Kids Math Worksheets,04/20/2026 11:00:00 AM
Advanced Mathematics Practice Worksheet (4 Questions),Printable Math worksheet designed for Math students. Easy and fun math practice.,https://freemathworksheet.github.io/html/advanced-mathematics-practice-worksheet-4-questions-7667.html,https://freemathworksheet.github.io/images/advanced-mathematics-practice-worksheet-4-questions-7667.jpg,Printable Worksheets,04/20/2026 01:23:00 PM
Missing Number Math Worksheet,Teachers and parents love this Missing Number worksheet for Grade 1. Download and print instantly.,https://freemathworksheet.github.io/html/missing-number-math-worksheet-3449.html,https://freemathworksheet.github.io/images/missing-number-math-worksheet-3449.jpg,Math Practice Printables,04/20/2026 04:28:00 PM
Mixed Operations Math Worksheet,Teachers and parents love this Mixed Operations worksheet for Grade 3. Download and print instantly.,https://freemathworksheet.github.io/html/mixed-operations-math-worksheet-3464.html,https://freemathworksheet.github.io/images/mixed-operations-math-worksheet-3464.jpg,Homeschool Math,04/20/2026 08:26:00 PM
Free 15 Multiplication Math Worksheet For Grade 2 With Answers - Part 176 | Printable Practice,Help kids master Multiplication with this printable worksheet for Grade 2. Great for daily math practice.,https://freemathworksheet.github.io/html/free-15-multiplication-math-worksheet-for-grade-2-with-answers-part-176-7760.html,https://freemathworksheet.github.io/images/free-15-multiplication-math-worksheet-for-grade-2-with-answers-part-176-7760.jpg,Homeschool Math,04/21/2026 08:26:00 AM
Printable Free 28 Subtraction Math Worksheet For Grade 3 - Part 177 | Printable Practice,Free printable Subtraction worksheet for Grade 3. Perfect for homeschool practice and classroom activities.,https://freemathworksheet.github.io/html/printable-free-28-subtraction-math-worksheet-for-grade-3-part-177-9422.html,https://freemathworksheet.github.io/images/printable-free-28-subtraction-math-worksheet-for-grade-3-part-177-9422.jpg,Math Practice Printables,04/21/2026 11:03:00 AM
9 Times Table Worksheet For Grade 3 - Part 178 | Printable Practice,Printable Times Table worksheet designed for Grade 3 students. Easy and fun math practice.,https://freemathworksheet.github.io/html/9-times-table-worksheet-for-grade-3-part-178-3089.html,https://freemathworksheet.github.io/images/9-times-table-worksheet-for-grade-3-part-178-3089.jpg,Elementary Math Activities,04/21/2026 01:30:00 PM
Printable Tracing Worksheet For Kids - Part 179 | Free Printable,Help kids master Tracing with this printable worksheet for Preschool. Great for daily math practice.,https://freemathworksheet.github.io/html/printable-tracing-worksheet-for-kids-part-179-5259.html,https://freemathworksheet.github.io/images/printable-tracing-worksheet-for-kids-part-179-5259.jpg,Elementary Math Activities,04/21/2026 04:33:00 PM
Math Word Problem Worksheet,Printable Word Problem worksheet designed for Grade 3 students. Easy and fun math practice.,https://freemathworksheet.github.io/html/math-word-problem-worksheet-4344.html,https://freemathworksheet.github.io/images/math-word-problem-worksheet-4344.jpg,Elementary Math Activities,04/21/2026 08:29:00 PM
Printable Free 18 Addition Math Worksheet For Grade 5 - Part 181 | Printable Practice,Printable Addition worksheet designed for Grade 5 students. Easy and fun math practice.,https://freemathworksheet.github.io/html/printable-free-18-addition-math-worksheet-for-grade-5-part-181-2584.html,https://freemathworksheet.github.io/images/printable-free-18-addition-math-worksheet-for-grade-5-part-181-2584.jpg,Kids Math Worksheets,04/22/2026 08:34:00 AM
4 Free Count and Color Worksheets for Kindergarten,Printable Count and Color worksheet designed for Kindergarten students. Easy and fun math practice.,https://freemathworksheet.github.io/html/4-free-count-and-color-worksheets-for-kindergarten-4046.html,https://freemathworksheet.github.io/images/4-free-count-and-color-worksheets-for-kindergarten-4046.jpg,Elementary Math Activities,04/22/2026 11:05:00 AM
Kindergarten Count The Objects Worksheet - Part 183 | Printable Practice,Fun and engaging Counting Objects worksheet for Kindergarten. Perfect printable math practice.,https://freemathworksheet.github.io/html/kindergarten-count-the-objects-worksheet-part-183-4872.html,https://freemathworksheet.github.io/images/kindergarten-count-the-objects-worksheet-part-183-4872.jpg,Elementary Math Activities,04/22/2026 01:38:00 PM
Grade 2 Division Practice Worksheet (10 Problems) - Part 184 | Printable Practice,Fun and engaging Division worksheet for Grade 2. Perfect printable math practice.,https://freemathworksheet.github.io/html/grade-2-division-practice-worksheet-10-problems-part-184-4532.html,https://freemathworksheet.github.io/images/grade-2-division-practice-worksheet-10-problems-part-184-4532.jpg,Math Practice Printables,04/22/2026 04:26:00 PM
8 Math Challenge for Math Learners,Fun and engaging Math worksheet for Math. Perfect printable math practice.,https://freemathworksheet.github.io/html/8-math-challenge-for-math-learners-9187.html,https://freemathworksheet.github.io/images/8-math-challenge-for-math-learners-9187.jpg,Homeschool Math,04/22/2026 08:34:00 PM
Missing Number Math Worksheet,Fun and engaging Missing Number worksheet for Grade 1. Perfect printable math practice.,https://freemathworksheet.github.io/html/missing-number-math-worksheet-3696.html,https://freemathworksheet.github.io/images/missing-number-math-worksheet-3696.jpg,Homeschool Math,04/23/2026 08:36:00 AM
Mixed Operations Math Worksheet,Printable Mixed Operations worksheet designed for Grade 3 students. Easy and fun math practice.,https://freemathworksheet.github.io/html/mixed-operations-math-worksheet-6600.html,https://freemathworksheet.github.io/images/mixed-operations-math-worksheet-6600.jpg,Homeschool Math,04/23/2026 11:06:00 AM
Printable Free 14 Multiplication Math Worksheet For Grade 2 - Part 188 | Printable Practice,Help kids master Multiplication with this printable worksheet for Grade 2. Great for daily math practice.,https://freemathworksheet.github.io/html/printable-free-14-multiplication-math-worksheet-for-grade-2-part-188-2424.html,https://freemathworksheet.github.io/images/printable-free-14-multiplication-math-worksheet-for-grade-2-part-188-2424.jpg,Homeschool Math,04/23/2026 01:25:00 PM
Free 27 Subtraction Math Worksheet For Grade 5 With Answers - Part 189 | Printable Practice,Fun and engaging Subtraction worksheet for Grade 5. Perfect printable math practice.,https://freemathworksheet.github.io/html/free-27-subtraction-math-worksheet-for-grade-5-with-answers-part-189-2478.html,https://freemathworksheet.github.io/images/free-27-subtraction-math-worksheet-for-grade-5-with-answers-part-189-2478.jpg,Elementary Math Activities,04/23/2026 04:32:00 PM
11 Times Table Worksheet For Grade 4 With Answers - Part 190 | Printable Practice,Help kids master Times Table with this printable worksheet for Grade 4. Great for daily math practice.,https://freemathworksheet.github.io/html/11-times-table-worksheet-for-grade-4-with-answers-part-190-9183.html,https://freemathworksheet.github.io/images/11-times-table-worksheet-for-grade-4-with-answers-part-190-9183.jpg,Kids Math Worksheets,04/23/2026 08:35:00 PM
Printable Tracing Worksheet For Kids - Part 191 | Free Printable,Printable Tracing worksheet designed for Kindergarten students. Easy and fun math practice.,https://freemathworksheet.github.io/html/printable-tracing-worksheet-for-kids-part-191-9862.html,https://freemathworksheet.github.io/images/printable-tracing-worksheet-for-kids-part-191-9862.jpg,Homeschool Math,04/24/2026 08:27:00 AM
Math Word Problem Worksheet,Teachers and parents love this Word Problem worksheet for Grade 3. Download and print instantly.,https://freemathworksheet.github.io/html/math-word-problem-worksheet-4522.html,https://freemathworksheet.github.io/images/math-word-problem-worksheet-4522.jpg,Kids Math Worksheets,04/24/2026 11:02:00 AM
Printable Free 21 Addition Math Worksheet For Grade 3 - Part 193 | Printable Practice,Help kids master Addition with this printable worksheet for Grade 3. Great for daily math practice.,https://freemathworksheet.github.io/html/printable-free-21-addition-math-worksheet-for-grade-3-part-193-7121.html,https://freemathworksheet.github.io/images/printable-free-21-addition-math-worksheet-for-grade-3-part-193-7121.jpg,Kids Math Worksheets,04/24/2026 01:32:00 PM
Printable Count and Color Worksheet for Kindergarten Kids,Help kids master Count and Color with this printable worksheet for Kindergarten. Great for daily math practice.,https://freemathworksheet.github.io/html/printable-count-and-color-worksheet-for-kindergarten-kids-3915.html,https://freemathworksheet.github.io/images/printable-count-and-color-worksheet-for-kindergarten-kids-3915.jpg,Homeschool Math,04/24/2026 04:28:00 PM
Free Counting Objects Worksheet For Kindergarten Printable - Part 195 | Printable Practice,Printable Counting Objects worksheet designed for Kindergarten students. Easy and fun math practice.,https://freemathworksheet.github.io/html/free-counting-objects-worksheet-for-kindergarten-printable-part-195-3207.html,https://freemathworksheet.github.io/images/free-counting-objects-worksheet-for-kindergarten-printable-part-195-3207.jpg,Homeschool Math,04/24/2026 08:28:00 PM
Free 21 Division Math Worksheet For Grade 1 - Part 196 | Printable Practice,Teachers and parents love this Division worksheet for Grade 1. Download and print instantly.,https://freemathworksheet.github.io/html/free-21-division-math-worksheet-for-grade-1-part-196-2895.html,https://freemathworksheet.github.io/images/free-21-division-math-worksheet-for-grade-1-part-196-2895.jpg,Elementary Math Activities,04/25/2026 08:24:00 AM
Advanced Math Trivia Worksheet (4 Questions),Help kids master Math with this printable worksheet for Math. Great for daily math practice.,https://freemathworksheet.github.io/html/advanced-math-trivia-worksheet-4-questions-4479.html,https://freemathworksheet.github.io/images/advanced-math-trivia-worksheet-4-questions-4479.jpg,Elementary Math Activities,04/25/2026 11:00:00 AM
Missing Number Math Worksheet,Fun and engaging Missing Number worksheet for Grade 1. Perfect printable math practice.,https://freemathworksheet.github.io/html/missing-number-math-worksheet-7002.html,https://freemathworksheet.github.io/images/missing-number-math-worksheet-7002.jpg,Printable Worksheets,04/25/2026 01:29:00 PM
Mixed Operations Math Worksheet,Printable Mixed Operations worksheet designed for Grade 3 students. Easy and fun math practice.,https://freemathworksheet.github.io/html/mixed-operations-math-worksheet-9181.html,https://freemathworksheet.github.io/images/mixed-operations-math-worksheet-9181.jpg,Kids Math Worksheets,04/25/2026 04:26:00 PM
Free 29 Multiplication Math Worksheet For Grade 2 - Part 200 | Printable Practice,Fun and engaging Multiplication worksheet for Grade 2. Perfect printable math practice.,https://freemathworksheet.github.io/html/free-29-multiplication-math-worksheet-for-grade-2-part-200-4275.html,https://freemathworksheet.github.io/images/free-29-multiplication-math-worksheet-for-grade-2-part-200-4275.jpg,Math Practice Printables,04/25/2026 08:27:00 PM
